sample_id	subject_id	relation_id	timepoint
14792_33	512120	512120	4
14792_34	512120	512120	7
14792_35	512120	512120	9
14792_36	512120	512120	12
14792_37	512120	512120	21
14792_19	513122	513122	4
14792_20	513122	513122	6
14792_21	513122	513122	10
14792_22	513122	513122	12
14792_23	513122	513122	21
14795_56	513122	513122	0
14794_5	514123	514123	4
14794_6	514123	514123	7
14794_7	514123	514123	12
14794_8	514123	514123	14
14792_24	514124	514124	4
14792_25	514124	514124	6
14792_26	514124	514124	7
14792_27	514124	514124	8
14795_57	514124	514124	0
14795_59	515126	515126	0
14801_38	515126	515126	4
14801_39	515126	515126	7
14801_40	515126	515126	10
14801_41	515126	515126	11
14801_42	515126	515126	21
14795_60	515127	515127	0
14801_43	515127	515127	7
14795_62	519128	519128	0
14801_48	519128	519128	4
14801_49	519128	519128	7
14801_50	519128	519128	12
14801_51	519128	519128	14
14801_52	519128	519128	18
14801_53	519128	519128	21
14794_14	519129	519129	4
14794_15	519129	519129	7
14794_16	519129	519129	12
14794_17	519129	519129	14
14794_18	519129	519129	21
14795_55	519129	519129	0
14794_1	521130	521130	4
14794_2	521130	521130	10
14794_3	521130	521130	12
14794_4	521130	521130	21
14795_54	521130	521130	0
14794_10	523133	523133	7
14794_11	523133	523133	9
14794_12	523133	523133	11
14794_13	523133	523133	13
14794_9	523133	523133	4
14795_61	604136	604136	0
14801_44	604136	604136	7
14801_45	604136	604136	10
14801_46	604136	604136	11
14801_47	604136	604136	14
14792_28	606141	606141	4
14792_29	606141	606141	7
14792_30	606141	606141	8
14792_31	606141	606141	10
14792_32	606141	606141	12
14795_58	606141	606141	0
37082_4_5	A00009	A00009	7
20596_4_24	A00021_T2	A00021	4
20596_5_1	A00021_T2	A00021	7
20596_5_2	A00021_T1	A00021	21
20596_5_3	A00021_T2	A00021	21
20596_5_4	A00023	A00023	21
20727_7_23	A00031	A00031	7
20727_7_24	A00031	A00031	21
20596_5_12	A00043	A00043	4
20596_5_13	A00043	A00043	7
20596_5_14	A00043	A00043	21
20596_5_15	A00044	A00044	7
20596_5_16	A00044	A00044	21
20727_3_10	A00067	A00067	7
20727_3_11	A00067	A00067	21
20727_4_22	A00105	A00105	7
20727_4_23	A00105	A00105	21
20727_5_17	A00106	A00106	0
20727_5_18	A00106_T1	A00106	21
20727_5_19	A00106_T2	A00106	21
37082_4_11	A00130	A00130	4
37082_4_13	A00133	A00133	21
20727_5_3	A00134	A00134	0
20727_5_4	A00134	A00134	21
37082_4_16	A00135	A00135	7
25013_1_1	A00155	A00155	7
25076_6_1	A00155	A00155	100
37273_3_19	A00155	A00155	21
37081_1_19	A00156	A00156	7
20727_7_7	A00163	A00163	0
20727_7_8	A00163	A00163	4
20727_6_18	A00185	A00185	0
20727_6_19	A00185	A00185	4
20727_6_20	A00185	A00185	7
20727_7_13	A00190	A00190	4
20727_7_14	A00190	A00190	7
21127_3_19	A00190	A00190	21
37082_4_20	A00213	A00213	7
20727_7_15	A00217	A00217	4
20727_7_16	A00217	A00217	7
20727_7_17	A00219	A00219	4
20727_7_18	A00219	A00219	7
21127_3_15	A00219	A00219	21
37081_1_2	A00256	A00256	4
37081_1_4	A00256	A00256	14
37082_4_29	A00256	A00256	7
37035_5_24	A00259	A00259	7
22178_3_1	A00502	A00502	21
22178_3_2	A00502	A00502	4
22178_3_3	A00502	A00502	7
24211_7_21	A00502	A00502	100
37081_1_6	A00519	A00519	7
37273_7_22	A00525	A00525	4
21127_4_4	A00539	A00539	0
21127_4_9	A00539	A00539	7
21127_4_10	A00541	A00541	4
21127_5_10	A00541	A00541	21
21127_5_6	A00541	A00541	7
37081_1_11	A00544	A00544	7
21127_4_16	A00559	A00559	4
21127_4_18	A00559	A00559	7
21242_71	A00559	A00559	21
21127_4_13	A00570	A00570	0
21127_4_22	A00570	A00570	4
21242_72	A00570	A00570	7
21127_4_20	A00574	A00574	4
21127_5_2	A00574	A00574	7
21242_73	A00574	A00574	21
21127_4_14	A00576	A00576	0
21127_5_5	A00576	A00576	4
21127_6_5	A00576	A00576	21
21242_74	A00576	A00576	7
21127_5_21	A00908_T1	A00908	4
21127_7_19	A00908_T1	A00908	21
21242_75	A00908	A00908	0
37035_5_28	A00908	A00908	7
37081_1_13	A00913	A00913	4
21127_5_12	A00940	A00940	0
21127_6_2	A00940	A00940	4
21127_5_11	A00942	A00942	0
21127_5_20	A00942	A00942	7
21127_5_3	A00942	A00942	4
21127_7_10	A00942	A00942	21
37035_5_26	A00945	A00945	4
21127_5_4	A00947	A00947	7
21127_6_3	A00947	A00947	4
21127_7_4	A00947	A00947	21
37081_1_30	A00949	A00949	21
37081_1_14	A00960	A00960	7
21127_5_9	A00995	A00995	7
21127_6_9	A00995	A00995	4
21127_7_21	A00995	A00995	21
21127_5_8	A01011	A01011	4
21127_6_15	A01011	A01011	0
21127_7_2	A01011	A01011	7
24469_1_4	A01015	A01015	100
24469_4_1	A01015	A01015	0
24469_4_3	A01015	A01015	21
37035_5_29	A01016	A01016	4
37081_1_22	A01018	A01018	7
37081_1_21	A01043	A01043	7
37081_1_23	A01046_T1	A01046	4
37081_1_24	A01046_T2	A01046	4
37081_2_12	A01047	A01047	21
21242_29	A01057	A01057	21
21242_83	A01057	A01057	4
21242_84	A01057	A01057	7
21242_23	A01077	A01077	21
21242_85	A01077	A01077	7
21242_86	A01077	A01077	4
21242_43	A01082	A01082	21
21242_87	A01082	A01082	4
21242_88	A01082	A01082	7
21242_40	A01105	A01105	21
21242_89	A01105	A01105	4
21242_90	A01105	A01105	7
21242_19	A01107	A01107	0
21242_3	A01107	A01107	4
21242_44	A01107	A01107	21
21242_91	A01107	A01107	7
37081_2_5	A01136	A01136	7
37273_7_29	A01137	A01137	7
37081_1_29	A01157	A01157	4
24211_2_1	A01162	A01162	7
24211_7_12	A01162	A01162	100
24469_4_2	A01162	A01162	21
37081_2_6	A01165	A01165	4
21242_25	A01166	A01166	7
21242_32	A01166	A01166	21
21242_4	A01166	A01166	4
25076_5_21	A01166	A01166	100
21242_13	A01173	A01173	4
21242_22	A01173	A01173	7
21242_56	A01173	A01173	21
24211_7_3	A01173	A01173	100
21242_11	A01174	A01174	4
21242_17	A01174	A01174	7
21242_46	A01174	A01174	21
21242_10	A01176	A01176	4
21242_26	A01176	A01176	7
22178_3_4	A01176	A01176	21
37081_2_10	A01221	A01221	4
21842_1	A01225	A01225	21
21842_2	A01225	A01225	4
21842_3	A01225	A01225	7
25076_5_18	A01225	A01225	100
37081_2_14	A01230	A01230	4
37081_2_11	A01252	A01252	7
37081_2_20	A01258	A01258	7
21673_12	A01301	A01301	21
21673_38	A01301	A01301	4
21673_39	A01301	A01301	7
21673_19	A01303	A01303	21
21673_40	A01303	A01303	4
21673_41	A01303	A01303	7
24759_5_10	A01303	A01303	100
25013_3_2	A01305	A01305	4
25076_5_12	A01305	A01305	100
37273_3_4	A01305	A01305	21
37081_2_16	A01308	A01308	7
23164_7_15	A01311	A01311	7
23430_6_2	A01311	A01311	21
37081_2_18	A01317	A01317	7
37081_2_32	A01400	A01400	7
37081_2_31	A01401	A01401	7
24211_2_13	A01431	A01431	7
24211_2_23	A01431	A01431	21
24469_1_9	A01431	A01431	100
21842_1_4	A01506	A01506	21
21842_1_5	A01506	A01506	4
21842_1_6	A01506	A01506	7
24469_5_22	A01506	A01506	100
23164_6_5	A01507	A01507	7
23164_6_6	A01507	A01507	21
23164_7_16	A01507	A01507	4
24211_7_16	A01507	A01507	100
37273_7_4	A01508	A01508	7
21842_1_7	A01516	A01516	21
21842_1_8	A01516	A01516	4
21842_1_9	A01516	A01516	7
24211_2_24	A01517	A01517	7
24469_1_6	A01517	A01517	100
21842_1_10	A01524	A01524	21
21842_1_11	A01524	A01524	4
21842_1_12	A01524	A01524	7
24211_7_18	A01524	A01524	100
37273_3_8	A01552	A01552	7
37273_3_6	A01553	A01553	7
21523_4_2	A01563	A01563	0
21523_4_3	A01563	A01563	4
21842_1_13	A01563	A01563	21
21842_1_14	A01563	A01563	7
37273_3_7	A01566	A01566	1
21842_1_15	A01569	A01569	7
21842_1_16	A01569	A01569	0
21842_1_17	A01580	A01580	21
21842_1_18	A01580	A01580	4
21842_1_19	A01580	A01580	7
24211_7_19	A01580	A01580	100
37273_3_5	A01581	A01581	21
24211_2_18	A01582	A01582	7
24211_3_10	A01582	A01582	21
24469_1_2	A01582	A01582	100
21842_1_20	A01583	A01583	21
21842_1_21	A01583	A01583	4
21842_1_22	A01583	A01583	7
24211_7_7	A01583	A01583	100
21842_1_23	A01586	A01586	21
21842_1_24	A01586	A01586	4
21842_2_1	A01586	A01586	7
21842_2_2	A01639	A01639	4
21842_2_3	A01639	A01639	21
21842_2_4	A01639	A01639	7
37273_8_5	A01640	A01640	7
21842_2_5	A01646	A01646	21
21842_2_6	A01646	A01646	4
21842_2_7	A01646	A01646	7
25076_3_10	A01646	A01646	100
24211_3_9	A01647	A01647	7
24211_4_6	A01647	A01647	21
24469_6_1	A01647	A01647	100
21940_3_22	A01653	A01653	4
21940_3_23	A01653	A01653	7
21940_3_24	A01653	A01653	21
24759_5_8	A01653	A01653	100
21940_3_19	A01671	A01671	4
21940_3_20	A01671	A01671	7
21940_3_21	A01671	A01671	21
24211_3_14	A01674	A01674	7
24211_4_4	A01674	A01674	21
24469_1_7	A01674	A01674	100
37273_8_8	A01675	A01675	21
21940_3_16	A01676	A01676	4
21940_3_17	A01676	A01676	7
21940_3_18	A01676	A01676	21
21940_3_13	A01678	A01678	4
21940_3_14	A01678	A01678	7
21940_3_15	A01678	A01678	21
24469_1_1	A01678	A01678	100
37273_3_15	A01681	A01681	4
37273_3_18	A01683	A01683	4
25013_3_12	A01685	A01685	7
25076_6_6	A01685	A01685	100
37273_7_7	A01685	A01685	4
21989_6_1	A01687	A01687	21
21989_6_2	A01687	A01687	4
21989_6_3	A01687	A01687	7
24759_5_11	A01687	A01687	100
21989_6_4	A01739	A01739	21
21989_6_5	A01739	A01739	4
21989_6_6	A01739	A01739	7
24211_7_8	A01739	A01739	100
21842_2_8	A01761	A01761	4
21842_2_9	A01761	A01761	0
21989_6_7	A01761	A01761	21
21989_6_8	A01761	A01761	7
24469_5_20	A01761	A01761	100
21842_2_10	A01763	A01763	4
21842_2_11	A01763	A01763	0
24211_3_22	A01763	A01763	7
24211_7_11	A01763	A01763	100
37273_3_28	A01767	A01767	7
21989_6_10	A01802	A01802	4
21989_6_11	A01802	A01802	7
21989_6_9	A01802	A01802	21
24759_5_12	A01802	A01802	100
24211_3_23	A01803	A01803	4
24211_4_16	A01803	A01803	21
24469_4_22	A01803	A01803	0
24469_5_21	A01803	A01803	100
21989_6_12	A01805	A01805	21
21989_6_13	A01805	A01805	4
21989_6_14	A01805	A01805	7
21989_6_15	A01805	A01805	0
24211_7_5	A01805	A01805	100
24211_4_22	A01812	A01812	21
24211_7_13	A01812	A01812	100
24469_4_20	A01812	A01812	7
37273_8_11	A01860	A01860	7
21989_6_16	A01862	A01862	21
21989_6_17	A01862	A01862	4
21989_6_18	A01862	A01862	7
21989_6_19	A01866	A01866	21
21989_6_20	A01866	A01866	4
21989_6_21	A01866	A01866	7
24211_4_14	A01910	A01910	4
24211_4_17	A01910	A01910	7
24211_7_6	A01910	A01910	100
21989_6_22	A01921	A01921	21
21989_6_23	A01921	A01921	4
21989_6_24	A01921	A01921	7
24211_7_4	A01921	A01921	100
24211_4_18	A01938	A01938	21
24211_4_23	A01938	A01938	7
24211_7_10	A01938	A01938	100
21989_7_1	A01939	A01939	21
21989_7_2	A01939	A01939	4
21989_7_3	A01939	A01939	7
25076_5_17	A01939	A01939	100
23430_6_7	A01963	A01963	7
23584_5_17	A01963	A01963	0
24469_5_24	A01963	A01963	100
24759_5_1	A01963	A01963	4
22178_3_5	A01966	A01966	21
22178_3_6	A01966	A01966	4
22178_3_7	A01966	A01966	7
24211_7_20	A01966	A01966	100
24211_4_21	A01970	A01970	21
24469_5_1	A01970	A01970	7
24469_5_4	A01970	A01970	0
25076_3_11	A01970	A01970	100
37273_3_32	A01995	A01995	7
37081_3_10	A02022	A02022	21
37081_3_11	A02022_T1	A02022	7
37081_3_2	A02024	A02024	7
37081_3_3	A02050	A02050	7
22178_3_10	A02053	A02053	7
22178_3_8	A02053	A02053	21
22178_3_9	A02053	A02053	4
24211_7_15	A02053	A02053	100
22178_3_11	A02054	A02054	21
22178_3_12	A02054	A02054	4
22178_3_13	A02054	A02054	7
22178_3_14	A02064	A02064	21
22178_3_15	A02064	A02064	4
22178_3_16	A02064	A02064	7
22178_3_17	A02064	A02064	0
25076_5_14	A02064	A02064	100
24211_6_15	A02080	A02080	7
24211_7_17	A02080	A02080	100
24469_5_8	A02080	A02080	0
37273_7_11	A02085	A02085	7
37035_5_22	A02085	A02085	4
22178_3_18	A02096	A02096	4
22178_3_19	A02096	A02096	7
22178_3_20	A02096	A02096	21
37081_3_13	A02099	A02099	7
22178_3_21	A02100	A02100	21
22178_3_22	A02100	A02100	4
22178_3_23	A02100	A02100	7
24469_2_13	A02100	A02100	100
22178_3_24	A02110	A02110	21
22178_4_1	A02110	A02110	4
22178_4_2	A02110	A02110	7
22178_4_3	A02110	A02110	0
24469_5_23	A02110	A02110	100
37081_3_14	A02112	A02112	7
22178_4_4	A02133	A02133	21
22178_4_5	A02133	A02133	4
22178_4_6	A02133	A02133	7
22178_4_10	A02138	A02138	0
22178_4_7	A02138	A02138	21
22178_4_8	A02138	A02138	4
22178_4_9	A02138	A02138	7
24469_1_5	A02138	A02138	100
22178_4_11	A02146	A02146	21
22178_4_12	A02146	A02146	4
22178_4_13	A02146	A02146	7
24469_1_8	A02146	A02146	100
24211_5_12	A02177_T1	A02177	7
24211_7_9	A02177_T1	A02177	100
24469_5_11	A02177_T2	A02177	7
24759_5_9	A02177_T2	A02177	100
24211_5_16	A02193	A02193	7
24469_1_3	A02193	A02193	100
24469_5_13	A02193	A02193	0
24211_7_14	A02222	A02222	100
24759_5_7	A02222	A02222	7
37273_4_14	A02442	A02442	7
37273_4_8	A02464	A02464	7
37273_4_22	A02477	A02477	7
25013_4_20	A02598	A02598	7
25076_6_12	A02598	A02598	100
25013_1_8	A02599	A02599	7
25076_5_20	A02599	A02599	100
25013_1_23	A02600	A02600	100
25013_4_19	A02600	A02600	7
37081_4_7	A02645	A02645	7
25076_2_1	A02646	A02646	7
25076_6_3	A02646	A02646	100
37081_4_13	A02715	A02715	7
37081_4_20	A02742	A02742	7
23584_4_20	A02767	A02767	7
23584_4_22	A02767	A02767	0
25076_6_5	A02767	A02767	100
37081_4_25	A02775	A02775	7
23430_8_19	A02819	A02819	0
23584_5_3	A02819	A02819	7
25076_5_24	A02819	A02819	100
37081_4_28	A02823	A02823	7
37273_5_14	A02865	A02865	7
37273_5_16	A02871	A02871	7
23430_8_21	A02872	A02872	0
23584_5_2	A02872	A02872	7
25076_6_9	A02872	A02872	100
25076_3_1	A02886	A02886	7
25076_6_11	A02886	A02886	100
37273_5_18	A02911	A02911	7
23584_5_5	A02913	A02913	7
23584_5_6	A02913	A02913	0
25076_7_1	A02913	A02913	100
37273_5_17	A02941	A02941	7
37081_5_10	A02946	A02946	7
37081_5_2	A02955	A02955	7
37081_5_22	A03000	A03000	7
25076_3_8	A03001	A03001	7
25076_7_5	A03001	A03001	100
37081_5_20	A03003	A03003	7
25013_2_18	A03026	A03026	100
25076_3_9	A03026	A03026	7
37082_7_1	A03062	A03062	7
37081_6_6	A03093	A03093	7
37081_6_12	A03094	A03094	7
37082_5_8	A03151	A03151	7
37081_6_29	A03177	A03177	7
37082_7_7	A03178	A03178	7
37081_6_30	A03179_T1	A03179	7
37082_7_10	A03179_T2	A03179	7
37081_6_31	A03183	A03183	7
37082_5_16	A03228	A03228	7
37081_7_1	A03284	A03284	7
37081_8_32	A03309	A03309	7
37081_7_15	A03337	A03337	7
37082_6_4	A03368	A03368	7
37081_7_22	A03374	A03374	7
20596_4_3	B00002	B00002	4
20596_4_4	B00002	B00002	7
20596_4_5	B00002	B00002	21
20596_4_6	B00004	B00004	0
20596_4_7	B00004	B00004	7
20596_4_8	B00004	B00004	21
37082_4_4	B00007	B00007	3
20596_4_9	B00008	B00008	21
20727_3_1	B00010	B00010	4
20727_3_2	B00010	B00010	7
20727_3_3	B00010	B00010	21
20596_4_10	B00012	B00012	0
20596_4_11	B00012	B00012	4
20596_4_12	B00012	B00012	7
20596_4_13	B00013	B00013	4
20596_4_14	B00013	B00013	7
20596_4_15	B00013	B00013	21
20596_4_16	B00016	B00016	7
20596_4_17	B00016	B00016	4
20596_4_18	B00016	B00016	21
20596_4_19	B00017	B00017	4
20596_4_20	B00017	B00017	21
20596_4_21	B00020	B00020	4
20596_4_22	B00020	B00020	7
20596_4_23	B00020	B00020	21
20596_5_5	B00027	B00027	7
20596_5_6	B00027	B00027	21
20596_5_7	B00036	B00036	4
20596_5_8	B00036	B00036	7
20596_5_9	B00036	B00036	21
20596_5_10	B00040	B00040	0
20596_5_11	B00040	B00040	4
20596_5_17	B00046	B00046	0
20596_5_18	B00046	B00046	4
20596_5_19	B00046	B00046	7
20596_5_20	B00046	B00046	21
20596_5_21	B00052	B00052	7
20596_5_22	B00052	B00052	21
20727_3_4	B00053	B00053	4
20727_3_5	B00053	B00053	7
20727_3_6	B00053	B00053	21
20727_6_21	B00057	B00057	4
20727_6_22	B00057	B00057	7
20727_3_7	B00064	B00064	4
20727_3_8	B00064	B00064	7
20727_3_9	B00064	B00064	21
20727_3_12	B00070	B00070	4
20727_3_13	B00070	B00070	7
20727_3_14	B00070	B00070	21
20727_3_15	B00071	B00071	4
20727_3_16	B00071	B00071	7
20727_3_17	B00071	B00071	21
20727_3_18	B00075	B00075	0
20727_3_19	B00075	B00075	4
20727_3_20	B00075	B00075	7
20727_3_21	B00075	B00075	21
20727_3_22	B00076	B00076	7
20727_3_23	B00076	B00076	21
20727_3_24	B00077	B00077	4
20727_4_1	B00077	B00077	7
20727_4_2	B00077	B00077	21
20727_4_3	B00085	B00085	4
20727_4_4	B00085	B00085	7
37082_4_14	B00086_T1	B00086	21
37082_4_15	B00086_T2	B00086	21
20727_6_23	B00088	B00088	4
20727_6_24	B00088	B00088	7
20727_4_5	B00090	B00090	4
20727_4_6	B00090	B00090	7
20727_4_7	B00090	B00090	21
20727_4_10	B00092	B00092	21
20727_4_8	B00092	B00092	4
20727_4_9	B00092	B00092	7
20727_7_1	B00096	B00096	7
20727_7_2	B00096	B00096	21
20727_4_11	B00097	B00097	4
20727_4_12	B00097	B00097	7
20727_4_13	B00097	B00097	21
20727_4_14	B00099	B00099	0
20727_4_15	B00099	B00099	4
20727_4_16	B00099	B00099	7
20727_4_17	B00100	B00100	7
20727_4_18	B00100	B00100	21
20727_4_19	B00101	B00101	4
20727_4_20	B00101	B00101	7
20727_4_21	B00101	B00101	21
37081_1_16	B001023	B001023	7
20727_7_3	B00111	B00111	4
20727_7_4	B00111	B00111	7
20727_5_20	B00112	B00112	4
20727_5_21	B00112	B00112	7
20727_7_5	B00116	B00116	4
20727_7_6	B00116	B00116	7
20727_4_24	B00119	B00119	4
20727_5_1	B00119	B00119	7
20727_5_2	B00119	B00119	21
20727_5_22	B00120	B00120	4
20727_5_23	B00120	B00120	7
20727_5_24	B00129	B00129	4
20727_6_1	B00129	B00129	7
20727_6_2	B00136	B00136	4
20727_6_3	B00136	B00136	7
20727_6_4	B00136	B00136	21
20727_6_5	B00139	B00139	0
20727_6_6	B00139	B00139	7
20727_6_7	B00139	B00139	21
20727_5_5	B00140	B00140	4
20727_5_6	B00140	B00140	7
20727_5_7	B00140	B00140	21
37082_4_12	B00141	B00141	4
20727_6_10	B00145	B00145	21
20727_6_8	B00145	B00145	4
20727_6_9	B00145	B00145	7
20727_5_10	B00146	B00146	21
20727_5_8	B00146	B00146	4
20727_5_9	B00146	B00146	7
20727_5_11	B00149	B00149	4
20727_5_12	B00149	B00149	7
20727_5_13	B00149	B00149	21
37082_4_32	B00151	B00151	21
20727_5_14	B00153	B00153	4
20727_5_15	B00153	B00153	7
20727_5_16	B00153	B00153	21
20727_6_11	B00157_T3	B00157	4
20727_6_12	B00157_T2	B00157	4
20727_6_13	B00157_T3	B00157	7
20727_6_14	B00157_T2	B00157	7
21127_3_11	B00157_T2	B00157	21
21127_3_12	B00157_T3	B00157	21
37082_4_30	B00157	B00157	21
37082_4_17	B00166	B00166	7
20727_6_15	B00174	B00174	4
20727_6_16	B00174	B00174	7
20727_6_17	B00174	B00174	21
20727_7_10	B00175	B00175	21
20727_7_9	B00175	B00175	4
20727_7_11	B00176	B00176	4
20727_7_12	B00176	B00176	21
37082_4_18	B00177	B00177	7
21127_3_13	B00178	B00178	4
21127_3_14	B00178	B00178	7
21242_76	B00178	B00178	21
37273_7_21	B00194	B00194	4
37082_4_19	B00196	B00196	7
37273_7_23	B00202	B00202	21
21127_3_10	B00203_T2	B00203	7
21127_3_23	B00203_T1	B00203	21
21127_3_24	B00203_T2	B00203	21
21127_3_8	B00203_T1	B00203	7
21127_3_9	B00203_T2	B00203	4
37082_4_26	B00206	B00206	21
20727_7_19	B00220	B00220	0
20727_7_20	B00220	B00220	4
37082_4_21	B00222	B00222	7
20727_7_21	B00224	B00224	4
20727_7_22	B00224	B00224	7
21127_3_21	B00224	B00224	21
37082_4_22	B00232	B00232	7
37035_5_23	B00234	B00234	7
21673_23	B00235	B00235	4
21673_42	B00235	B00235	21
21673_43	B00235	B00235	7
21127_3_3	B00236	B00236	4
21127_3_4	B00236	B00236	7
21127_4_1	B00236	B00236	21
21127_3_16	B00238	B00238	7
21127_3_2	B00238	B00238	0
37082_4_23	B00240	B00240	7
21127_3_1	B00243	B00243	4
21127_3_20	B00243	B00243	21
21127_3_5	B00243	B00243	7
37082_4_24	B00248	B00248	7
37082_4_27	B00249	B00249	7
21127_3_6	B00252	B00252	4
21127_3_7	B00252	B00252	7
21127_4_8	B00252	B00252	21
37082_4_25	B00253	B00253	7
37082_4_31	B00264	B00264	4
37082_4_28	B00265	B00265	4
37081_1_9	B00266	B00266	21
21127_4_15	B00268	B00268	7
21127_5_19	B00268	B00268	21
21523_4_24	B00268	B00268	4
37081_1_1	B00269	B00269	7
21127_3_17	B00272	B00272	4
21127_3_18	B00272	B00272	7
21127_5_16	B00272	B00272	21
37081_1_3	B00506	B00506	7
21127_4_2	B00507	B00507	4
21242_77	B00507	B00507	21
21242_78	B00507	B00507	7
24211_2_4	B00509	B00509	4
24469_3_8	B00509	B00509	100
37081_1_5	B00516	B00516	8
21127_5_23	B00518	B00518	4
21127_6_13	B00518	B00518	7
21127_7_1	B00518	B00518	21
37081_1_10	B00531	B00531	7
37081_1_7	B00532	B00532	7
21127_3_22	B00537	B00537	7
21127_4_19	B00537	B00537	21
21127_4_3	B00537	B00537	4
21127_4_6	B00537	B00537	0
37035_5_25	B00546	B00546	7
37035_5_21	B00546	B00546	4
21127_4_21	B00550	B00550	21
21127_4_7	B00550	B00550	0
37081_1_8	B00552	B00552	5
21127_4_11	B00553	B00553	7
21127_4_5	B00553	B00553	4
21127_5_15	B00553	B00553	21
21127_4_12	B00560	B00560	4
21242_79	B00560	B00560	7
21242_80	B00560	B00560	21
21127_4_17	B00562_T2	B00562	4
21127_4_23	B00562_T1	B00562	7
21127_5_1	B00562_T2	B00562	7
21127_5_17	B00562_T1	B00562	21
21127_5_18	B00562_T2	B00562	21
37273_7_1	B00563	B00563	4
37273_7_25	B00564	B00564	7
37273_7_24	B00567	B00567	4
37081_1_18	B00569	B00569	7
37081_1_20	B00572	B00572	21
21127_5_13	B00916	B00916	4
21127_5_14	B00916	B00916	7
21127_5_22	B00916	B00916	21
21127_5_24	B00917	B00917	7
21127_6_1	B00917	B00917	4
21127_6_8	B00917	B00917	21
21127_5_7	B00922	B00922	7
21242_81	B00922	B00922	0
37081_1_15	B00937	B00937	7
37081_1_17	B00965	B00965	7
37273_7_27	B00982	B00982	7
37081_2_25	B00986	B00986	7
37081_1_12	B00990	B00990	7
37035_5_27	B00992	B00992	7
37273_7_26	B01002	B01002	7
37273_7_28	B01003	B01003	7
21127_6_11	B01021	B01021	4
21127_6_12	B01021	B01021	7
21127_7_6	B01021	B01021	21
21127_6_4	B01022	B01022	7
21127_7_23	B01022	B01022	0
21127_6_7	B01027	B01027	0
21127_7_5	B01027	B01027	7
21127_6_19	B01034	B01034	0
21127_7_9	B01034	B01034	7
37081_1_25	B01038	B01038	7
21127_6_18	B01039	B01039	7
21127_6_21	B01039	B01039	0
21127_6_20	B01042	B01042	0
21127_7_13	B01042	B01042	10
21127_7_7	B01042	B01042	7
21127_6_22	B01089	B01089	0
21127_7_16	B01089	B01089	4
21127_7_17	B01089	B01089	7
21242_24	B01089	B01089	21
37081_2_1	B01090	B01090	7
37081_1_28	B01098	B01098	7
37081_2_2	B01099	B01099	7
37081_1_26	B01117	B01117	4
37081_2_4	B01122	B01122	7
37081_2_3	B01124	B01124	7
37081_2_13	B01125	B01125	21
21673_44	B01128	B01128	7
21673_45	B01128	B01128	0
37273_7_30	B01187	B01187	7
37035_5_30	B01189	B01189	7
21242_33	B01190	B01190	21
21242_5	B01190	B01190	4
21242_6	B01190	B01190	7
24469_6_17	B01190	B01190	100
37081_2_8	B01191	B01191	8
37081_2_7	B01193	B01193	4
21242_12	B01194	B01194	4
21242_18	B01194	B01194	0
21242_30	B01194	B01194	7
21242_55	B01194	B01194	21
24759_5_13	B01194	B01194	100
21242_14	B01196	B01196	4
21242_27	B01196	B01196	7
21242_47	B01196	B01196	21
37273_7_32	B01217	B01217	7
25013_2_22	B01218	B01218	100
25013_3_1	B01218	B01218	7
37273_7_31	B01220	B01220	7
21673_46	B01234	B01234	7
21673_47	B01234	B01234	0
24759_5_14	B01234	B01234	100
21242_31	B01235	B01235	4
21242_42	B01235	B01235	7
21242_63	B01235	B01235	21
21242_39	B01236	B01236	4
21242_45	B01236	B01236	7
21242_64	B01236	B01236	21
24759_5_15	B01236	B01236	100
25013_3_6	B01242	B01242	7
25076_3_12	B01242	B01242	100
21673_48	B01247	B01247	4
21673_49	B01247	B01247	7
22178_4_14	B01247	B01247	21
24211_2_3	B01256	B01256	7
24469_6_24	B01256	B01256	100
21242_35	B01261	B01261	0
21242_37	B01261	B01261	4
21242_38	B01261	B01261	7
21242_59	B01261	B01261	21
21242_34	B01265	B01265	4
21242_58	B01265	B01265	7
21242_70	B01265	B01265	21
24759_5_16	B01265	B01265	100
21242_36	B01277	B01277	0
21242_53	B01277	B01277	4
21242_57	B01277	B01277	7
21673_4	B01277	B01277	21
21242_41	B01278	B01278	4
21242_54	B01278	B01278	7
21242_67	B01278	B01278	21
25076_3_13	B01278	B01278	100
37035_5_31	B01279	B01279	4
21673_32	B01284	B01284	21
21673_50	B01284	B01284	4
22178_4_15	B01284	B01284	7
24469_3_10	B01284	B01284	100
37081_2_22	B01294	B01294	7
21673_11	B01299	B01299	21
21673_51	B01299	B01299	4
21673_52	B01299	B01299	7
24469_3_4	B01299	B01299	100
37081_2_19	B01326	B01326	4
37081_2_21	B01335	B01335	7
21673_21	B01339	B01339	21
21673_53	B01339	B01339	4
21673_54	B01339	B01339	7
24469_6_6	B01339	B01339	100
21242_51	B01340	B01340	0
21242_60	B01340	B01340	4
21242_61	B01340	B01340	7
21242_66	B01340	B01340	14
37035_5_32	B01345	B01345	4
37081_2_17	B01349	B01349	7
37081_2_24	B01356	B01356	7
37081_2_23	B01361	B01361	7
21242_52	B01364	B01364	0
21242_65	B01364	B01364	4
21242_68	B01364	B01364	7
21673_30	B01364	B01364	21
24469_3_3	B01364	B01364	100
21673_25	B01365	B01365	21
21673_55	B01365	B01365	4
21673_56	B01365	B01365	7
24469_2_4	B01365	B01365	100
21673_57	B01368	B01368	7
21673_58	B01368	B01368	0
24211_2_5	B01372_T1	B01372	7
24211_2_7	B01372_T2	B01372	7
24469_1_13	B01372_T1	B01372	100
24469_6_3	B01372_T2	B01372	100
21523_4_12	B01373	B01373	4
21523_4_13	B01373	B01373	7
21523_4_7	B01373	B01373	21
25076_5_16	B01373	B01373	100
25013_2_14	B01374	B01374	100
25013_3_3	B01374	B01374	7
21673_34	B01375	B01375	21
21673_59	B01375	B01375	4
21673_60	B01375	B01375	7
21842_2_12	B01406	B01406	21
21842_2_13	B01406	B01406	4
21842_2_14	B01406	B01406	7
24469_7_7	B01406	B01406	100
21523_4_11	B01408	B01408	21
21673_13	B01408	B01408	7
21673_15	B01408	B01408	4
21673_17	B01408	B01408	0
24469_7_4	B01408	B01408	100
21523_4_5	B01409	B01409	21
21673_61	B01409	B01409	4
22178_4_16	B01409	B01409	7
22178_4_17	B01409	B01409	0
21673_18	B01413	B01413	7
21673_35	B01413	B01413	21
21673_62	B01413	B01413	4
24211_2_11	B01415	B01415	7
24211_2_21	B01415	B01415	21
24469_6_4	B01415	B01415	100
24211_2_9	B01416	B01416	7
24469_6_13	B01416	B01416	100
24211_2_8	B01417	B01417	4
24469_2_18	B01417	B01417	100
24469_4_6	B01417	B01417	21
37081_2_26	B01420	B01420	4
25013_2_20	B01421	B01421	100
25013_3_4	B01421	B01421	7
37081_2_27	B01421	B01421	4
23164_6_4	B01423	B01423	21
23164_7_13	B01423	B01423	4
23430_6_1	B01423	B01423	7
24469_2_2	B01423	B01423	100
21523_21	B01424	B01424	21
21673_16	B01424	B01424	7
21673_6	B01424	B01424	4
25013_1_7	B01438	B01438	7
25076_3_14	B01438	B01438	100
21523_4_10	B01450_T2	B01450	21
21523_4_14	B01450_T1	B01450	4
21523_4_15	B01450_T2	B01450	4
21523_4_16	B01450_T1	B01450	7
21523_4_17	B01450_T2	B01450	7
21523_4_9	B01450_T1	B01450	21
24469_2_6	B01450_T1	B01450	100
24469_6_16	B01450_T2	B01450	100
37273_8_2	B01461	B01461	7
37081_2_29	B01464	B01464	7
21523_4_18	B01471	B01471	7
21523_4_6	B01471	B01471	0
21842_2_15	B01471	B01471	21
21842_2_16	B01472	B01472	21
21842_2_17	B01472	B01472	4
21842_2_18	B01472	B01472	7
24469_7_10	B01472	B01472	100
24211_2_16	B01497	B01497	4
24211_3_1	B01497	B01497	7
24469_3_14	B01497	B01497	100
37273_3_1	B01504	B01504	7
24211_2_19	B01536	B01536	7
24469_1_10	B01536	B01536	100
24211_2_22	B01539	B01539	4
24469_6_5	B01539	B01539	100
21842_2_19	B01540	B01540	21
21842_2_20	B01540	B01540	4
21842_2_21	B01540	B01540	7
24469_2_15	B01540	B01540	100
21842_2_22	B01543	B01543	21
21842_2_23	B01543	B01543	4
21842_2_24	B01543	B01543	7
24469_6_23	B01543	B01543	100
24211_3_7	B01548	B01548	21
24469_1_19	B01548	B01548	100
37273_3_12	B01550	B01550	14
21842_3_1	B01572	B01572	21
21842_3_2	B01572	B01572	4
21842_3_3	B01572	B01572	7
24469_2_17	B01572	B01572	100
25013_1_3	B01574	B01574	100
25013_3_7	B01574	B01574	4
21842_3_4	B01600	B01600	21
21842_3_5	B01600	B01600	4
21842_3_6	B01600	B01600	7
24469_3_7	B01600	B01600	100
22178_4_18	B01610	B01610	21
22178_4_19	B01610	B01610	4
22178_4_20	B01610	B01610	7
37273_7_5	B01612	B01612	4
37273_3_2	B01613	B01613	7
21842_3_7	B01616	B01616	21
21842_3_8	B01616	B01616	4
21842_3_9	B01616	B01616	7
24469_3_12	B01616	B01616	100
24211_2_17	B01626	B01626	7
24469_3_18	B01626	B01626	100
24211_3_3	B01627	B01627	7
24469_2_9	B01627	B01627	100
37273_3_10	B01630	B01630	7
37273_3_11	B01631	B01631	7
21842_3_10	B01633	B01633	21
21842_3_11	B01633	B01633	4
21842_3_12	B01633	B01633	7
21842_3_13	B01635	B01635	21
21842_3_14	B01635	B01635	4
21842_3_15	B01635	B01635	7
21842_3_16	B01664	B01664	21
21842_3_17	B01664	B01664	4
21842_3_18	B01664	B01664	7
24469_1_23	B01664	B01664	100
37273_3_13	B01665	B01665	7
25013_3_10	B01668	B01668	7
25076_3_15	B01668	B01668	100
24211_3_6	B01670	B01670	7
24469_7_13	B01670	B01670	100
37273_8_7	B01706	B01706	7
24469_4_10	B01710	B01710	7
24469_4_17	B01710	B01710	21
24469_6_11	B01710	B01710	100
37273_3_20	B01711	B01711	4
21940_3_10	B01712	B01712	4
21940_3_11	B01712	B01712	7
21940_3_12	B01712	B01712	21
24469_1_20	B01712	B01712	100
24211_4_1	B01714	B01714	21
24469_1_11	B01714	B01714	100
24469_4_9	B01714	B01714	7
21842_3_19	B01716	B01716	7
21842_3_20	B01716	B01716	0
24469_6_21	B01716	B01716	100
37273_3_17	B01717	B01717	7
21842_3_21	B01719	B01719	4
21842_3_22	B01719	B01719	7
21842_3_23	B01719	B01719	0
21989_7_4	B01719	B01719	21
24759_5_17	B01719	B01719	100
24211_3_8	B01725	B01725	7
24469_3_9	B01725	B01725	100
25013_1_9	B01729	B01729	100
25013_3_11	B01729	B01729	7
37273_8_6	B01730	B01730	7
37273_7_6	B01731	B01731	7
37273_8_4	B01733	B01733	7
37273_3_16	B01735	B01735	7
24469_4_13	B01771	B01771	0
24469_4_14	B01771	B01771	7
24469_4_16	B01771	B01771	4
25076_3_16	B01771	B01771	100
21989_7_5	B01772	B01772	21
21989_7_6	B01772	B01772	4
21989_7_7	B01772	B01772	7
21989_7_8	B01772	B01772	0
24469_6_18	B01772	B01772	100
25013_1_15	B01773	B01773	100
25013_3_13	B01773	B01773	7
37273_3_25	B01773	B01773	4
22607_2_11	B01775	B01775	21
22607_2_3	B01775	B01775	4
22607_2_5	B01775	B01775	7
24469_6_19	B01775	B01775	100
37273_8_10	B01777	B01777	7
22607_2_2	B01782	B01782	4
22607_2_6	B01782	B01782	7
22607_2_9	B01782	B01782	21
24469_2_10	B01782	B01782	100
24211_3_16	B01784	B01784	7
24211_4_7	B01784	B01784	21
25076_5_23	B01784	B01784	100
24211_3_18	B01786	B01786	7
24469_7_23	B01786	B01786	100
25013_1_21	B01787_T1	B01787	100
25013_2_19	B01787_T2	B01787	7
25013_2_3	B01787_T2	B01787	100
25013_3_19	B01787_T1	B01787	7
25013_3_14	B01789	B01789	7
25076_3_17	B01789	B01789	100
24211_3_24	B01791	B01791	7
24469_2_1	B01791	B01791	100
24469_4_11	B01791	B01791	4
37273_3_27	B01794	B01794	7
24469_3_6	B01796	B01796	100
24469_4_12	B01796	B01796	7
22607_2_1	B01797	B01797	4
22607_2_10	B01797	B01797	21
22607_2_4	B01797	B01797	7
24469_1_18	B01797	B01797	100
24211_3_19	B01798	B01798	4
24469_7_9	B01798	B01798	100
24469_2_14	B01799	B01799	100
24469_4_18	B01799	B01799	7
21989_7_10	B01800	B01800	4
21989_7_11	B01800	B01800	7
21989_7_9	B01800	B01800	21
24469_1_22	B01813	B01813	100
24469_4_15	B01813	B01813	4
37273_8_9	B01822	B01822	7
22607_2_12	B01829	B01829	21
22607_2_7	B01829	B01829	4
22607_2_8	B01829	B01829	7
25076_6_13	B01829	B01829	100
25013_2_13	B01830	B01830	21
25076_7_3	B01830	B01830	100
21989_7_12	B01847	B01847	21
21989_7_13	B01847	B01847	4
21989_7_14	B01847	B01847	7
25076_3_18	B01847	B01847	100
25013_3_15	B01848	B01848	7
25076_5_15	B01848	B01848	100
24211_4_9	B01851	B01851	7
24469_3_23	B01851	B01851	100
37273_7_10	B01887	B01887	7
37081_3_4	B01889	B01889	21
24211_5_15	B01890	B01890	21
24211_5_5	B01890	B01890	7
24469_2_24	B01890	B01890	100
23584_5_10	B01891	B01891	4
23584_5_12	B01891	B01891	0
24469_4_24	B01891	B01891	21
24211_4_10	B01892	B01892	4
24211_4_12	B01892	B01892	7
24469_2_3	B01892	B01892	100
37273_3_30	B01904	B01904	7
37273_3_29	B01905	B01905	7
24211_4_15	B01906	B01906	7
24211_5_1	B01906	B01906	21
25013_1_5	B01906	B01906	100
24211_4_13	B01944	B01944	7
24469_1_17	B01944	B01944	100
23430_6_5	B01947	B01947	7
23584_5_13	B01947	B01947	0
23430_6_4	B01948	B01948	7
23584_5_16	B01948	B01948	0
24469_6_15	B01948	B01948	100
22178_4_21	B01954	B01954	21
22178_4_22	B01954	B01954	4
22178_4_23	B01954	B01954	7
25013_2_11	B01954	B01954	100
21989_7_15	B01956	B01956	21
21989_7_16	B01956	B01956	4
21989_7_17	B01956	B01956	7
24469_7_1	B01956	B01956	100
25013_2_9	B02002	B02002	100
25013_3_18	B02002	B02002	7
22178_4_24	B02005	B02005	21
22178_5_1	B02005	B02005	4
22178_5_2	B02005	B02005	7
22178_5_3	B02005	B02005	0
37081_3_1	B02011	B02011	7
24469_7_21	B02029	B02029	100
24759_5_4	B02029	B02029	7
37081_3_5	B02036	B02036	7
25013_2_15	B02069	B02069	100
25013_3_17	B02069	B02069	7
23584_5_15	B02075	B02075	7
23584_5_18	B02075	B02075	0
37081_3_7	B02078	B02078	7
37081_3_6	B02079	B02079	7
22178_5_4	B02098	B02098	21
22178_5_5	B02098	B02098	4
22178_5_6	B02098	B02098	7
22178_5_7	B02098	B02098	0
24211_5_7	B02103	B02103	21
24469_6_8	B02103	B02103	100
22178_5_10	B02106	B02106	7
22178_5_8	B02106	B02106	21
22178_5_9	B02106	B02106	4
24469_2_16	B02106	B02106	100
37081_3_9	B02108	B02108	7
22178_5_11	B02109	B02109	21
22178_5_12	B02109	B02109	4
22178_5_13	B02109	B02109	7
22178_5_14	B02118	B02118	21
22178_5_15	B02118	B02118	4
22178_5_16	B02118	B02118	7
24469_2_8	B02118	B02118	100
22178_5_17	B02147	B02147	21
22178_5_18	B02147	B02147	4
22178_5_19	B02147	B02147	7
24469_1_14	B02147	B02147	100
37273_4_11	B02151	B02151	7
37081_3_21	B02152	B02152	7
24211_5_17	B02153	B02153	21
24469_3_11	B02153	B02153	100
22178_5_20	B02156	B02156	21
22178_5_21	B02156	B02156	4
22178_5_22	B02156	B02156	7
24469_1_16	B02156	B02156	100
24211_5_14	B02159	B02159	7
24211_6_1	B02159	B02159	21
24469_5_12	B02159	B02159	0
24469_7_18	B02159	B02159	100
24211_5_10	B02165	B02165	7
24211_5_11	B02165	B02165	21
24469_1_21	B02165	B02165	100
24211_5_18	B02166	B02166	21
24211_5_9	B02166	B02166	7
24469_6_22	B02166	B02166	100
37081_3_15	B02169	B02169	7
37273_8_13	B02195	B02195	7
24211_6_5	B02200	B02200	7
24469_6_7	B02200	B02200	100
37273_5_24	B02201	B02201	7
22607_2_13	B02209	B02209	4
22607_2_16	B02209	B02209	7
22607_3_13	B02209	B02209	21
22607_2_17	B02211	B02211	4
22607_2_22	B02211	B02211	7
22607_3_17	B02211	B02211	21
24469_3_20	B02211	B02211	100
22178_5_23	B02215	B02215	21
22178_5_24	B02215	B02215	4
22178_6_1	B02215	B02215	7
22607_3_18	B02216	B02216	21
22607_3_5	B02216	B02216	4
22607_3_6	B02216	B02216	7
24469_6_2	B02216	B02216	100
24469_2_7	B02218	B02218	100
24759_5_6	B02218	B02218	7
37273_8_14	B02219	B02219	7
37081_3_22	B02241	B02241	4
23584_5_22	B02243	B02243	0
23584_5_24	B02243	B02243	7
25076_3_19	B02243	B02243	100
22607_2_18	B02247	B02247	4
22607_2_19	B02247	B02247	7
22607_3_23	B02247	B02247	21
25076_3_20	B02247	B02247	100
23430_6_16	B02248	B02248	7
23584_4_1	B02248	B02248	21
23584_5_1	B02248	B02248	4
24469_2_11	B02248	B02248	100
22607_3_2	B02249	B02249	4
22607_3_22	B02249	B02249	21
22607_3_9	B02249	B02249	7
23584_5_23	B02249	B02249	0
25013_3_22	B02254	B02254	7
25076_3_21	B02254	B02254	100
37081_3_19	B02254	B02254	4
22607_2_14	B02255	B02255	4
22607_2_20	B02255	B02255	7
22607_3_15	B02255	B02255	21
24469_6_20	B02255	B02255	100
37081_3_18	B02256	B02256	4
22607_2_15	B02257	B02257	4
22607_3_16	B02257	B02257	21
22607_3_8	B02257	B02257	7
24469_1_12	B02257	B02257	100
22607_2_21	B02258	B02258	4
22607_3_10	B02258	B02258	7
22607_3_14	B02258	B02258	21
24469_7_6	B02258	B02258	100
23430_6_21	B02263	B02263	7
23584_4_2	B02263	B02263	0
24469_7_24	B02263	B02263	100
37081_3_25	B02264	B02264	7
22607_2_24	B02270	B02270	4
22607_3_19	B02270	B02270	21
22607_3_4	B02270	B02270	7
23164_7_12	B02273	B02273	21
23164_7_3	B02273	B02273	4
23164_7_4	B02273	B02273	0
23164_7_6	B02273	B02273	7
25076_6_4	B02273	B02273	100
25013_3_24	B02274	B02274	7
25076_7_18	B02274	B02274	100
24211_6_22	B02284	B02284	0
24469_3_21	B02284	B02284	100
23430_6_22	B02286	B02286	4
23430_8_7	B02286	B02286	0
24211_6_10	B02287	B02287	21
24211_6_3	B02287	B02287	4
24469_2_12	B02287	B02287	100
37273_5_12	B02288	B02288	7
37081_3_26	B02290	B02290	7
37081_3_31	B02305	B02305	7
25013_4_13	B02306	B02306	7
25076_3_22	B02306	B02306	100
24211_6_13	B02313	B02313	21
24211_6_2	B02313	B02313	7
24469_7_15	B02313	B02313	100
22607_3_11	B02315	B02315	4
22607_3_12	B02315	B02315	7
22607_3_24	B02315	B02315	21
25013_1_2	B02316	B02316	7
25076_3_23	B02316	B02316	100
37081_3_28	B02316	B02316	4
22607_2_23	B02317	B02317	4
22607_3_21	B02317	B02317	21
22607_3_7	B02317	B02317	7
24469_1_24	B02317	B02317	100
37081_3_32	B02319	B02319	7
25013_4_6	B02320_T1	B02320	21
25013_4_7	B02320_T2	B02320	21
25076_3_24	B02320_T1	B02320	100
25076_4_1	B02320_T2	B02320	100
25013_2_21	B02322	B02322	100
25013_3_23	B02322	B02322	7
22607_3_1	B02326	B02326	7
22607_3_20	B02326	B02326	21
22607_3_3	B02326	B02326	4
24469_1_15	B02326	B02326	100
24211_6_14	B02329	B02329	7
24469_3_17	B02329	B02329	100
37081_3_29	B02338	B02338	7
24211_6_7	B02358	B02358	7
24469_5_14	B02358	B02358	0
24469_5_16	B02358	B02358	4
24469_6_10	B02358	B02358	100
24211_6_16	B02363	B02363	21
24469_3_13	B02363	B02363	100
24211_6_6	B02369	B02369	7
24469_6_12	B02369	B02369	100
24469_7_8	B02375	B02375	100
37273_4_5	B02379	B02379	7
24211_6_4	B02382	B02382	7
24469_5_15	B02382	B02382	21
24469_6_14	B02382	B02382	100
37273_4_6	B02396	B02396	7
24211_6_12	B02401	B02401	7
24469_6_9	B02401	B02401	100
25013_1_4	B02403	B02403	100
25013_4_3	B02403	B02403	7
37273_4_9	B02415	B02415	7
24211_6_11	B02416	B02416	7
24469_2_5	B02416	B02416	100
37273_4_7	B02419	B02419	7
37273_4_13	B02426	B02426	7
25013_1_10	B02429	B02429	100
25013_4_9	B02429	B02429	7
37082_5_10	B02432	B02432	7
25013_4_21	B02447	B02447	7
25076_4_2	B02447	B02447	100
25013_4_5	B02448	B02448	7
25076_7_24	B02448	B02448	100
24211_6_17	B02450	B02450	7
24469_3_22	B02450	B02450	100
24211_6_23	B02457	B02457	21
24469_3_1	B02457	B02457	100
24211_6_19	B02458	B02458	21
24211_6_20	B02458	B02458	7
24469_5_18	B02458	B02458	0
37273_4_18	B02479	B02479	4
25013_1_16	B02486	B02486	100
25013_4_12	B02486	B02486	7
37273_4_21	B02487	B02487	7
37273_4_26	B02492	B02492	7
25013_4_10	B02493	B02493	7
25076_4_3	B02493	B02493	100
37273_7_14	B02498	B02498	4
37273_4_23	B02507	B02507	7
25013_4_11	B02511	B02511	7
25076_4_4	B02511	B02511	100
25013_2_23	B02528	B02528	100
25013_4_22	B02528	B02528	7
37273_4_29	B02536	B02536	7
37273_4_24	B02537	B02537	4
23164_6_18	B02540	B02540	4
23164_7_8	B02540	B02540	21
23584_4_8	B02540	B02540	7
37273_4_25	B02541	B02541	7
23164_6_16	B02542	B02542	4
23164_6_17	B02542	B02542	7
23164_7_2	B02542	B02542	21
24469_2_19	B02542	B02542	100
25013_2_6	B02561	B02561	100
25013_4_16	B02562	B02562	7
25076_6_7	B02562	B02562	100
37081_4_1	B02580	B02580	7
37081_4_12	B02584	B02584	7
23164_6_19	B02588	B02588	4
23164_7_1	B02588	B02588	7
23164_7_5	B02588	B02588	21
37273_4_31	B02589	B02589	7
37273_7_15	B02591	B02591	7
37273_4_32	B02592	B02592	4
25013_1_14	B02607	B02607	7
25076_6_10	B02607	B02607	100
25013_4_17	B02610	B02610	7
25076_6_2	B02610	B02610	100
25013_4_23	B02613	B02613	7
25076_6_8	B02613	B02613	100
37081_4_3	B02615	B02615	7
25013_2_5	B02618	B02618	100
25013_4_18	B02618	B02618	7
25013_1_20	B02639_T2	B02639	7
25076_2_2	B02639_T1	B02639	7
25076_6_20	B02639_T1	B02639	100
25076_6_21	B02639_T2	B02639	100
37081_4_5	B02640	B02640	7
37273_7_17	B02641	B02641	7
25013_1_18	B02657	B02657	100
25076_2_14	B02657	B02657	7
37081_4_8	B02660	B02660	7
37081_4_6	B02662	B02662	7
37081_4_11	B02668	B02668	7
25076_2_7	B02669	B02669	7
25076_7_6	B02669	B02669	100
37273_8_21	B02669	B02669	21
37081_4_16	B02681	B02681	7
25076_2_3	B02685	B02685	7
25076_6_15	B02685	B02685	100
25013_1_12	B02693	B02693	100
25013_2_2	B02693	B02693	7
25013_1_24	B02697	B02697	100
25076_2_5	B02697	B02697	7
25076_2_4	B02698	B02698	7
25076_7_4	B02698	B02698	100
37081_4_14	B02699	B02699	7
37081_4_22	B02701	B02701	7
37081_4_19	B02702	B02702	7
37273_8_18	B02703	B02703	7
25076_3_5	B02708	B02708	7
25076_7_2	B02708	B02708	100
25013_1_6	B02712	B02712	100
25076_2_6	B02712	B02712	7
25076_2_11	B02714	B02714	7
25076_6_22	B02714	B02714	100
37081_4_15	B02717	B02717	7
23164_7_10	B02720	B02720	7
23164_7_19	B02720	B02720	21
23164_7_9	B02720	B02720	4
23164_7_11	B02722	B02722	7
23164_7_20	B02722	B02722	21
23164_7_7	B02722	B02722	4
25076_6_19	B02722	B02722	100
23164_7_21	B02724	B02724	21
23584_4_16	B02724	B02724	4
23584_4_17	B02724	B02724	7
25076_7_23	B02724	B02724	100
37081_4_18	B02738	B02738	7
25076_2_10	B02739	B02739	7
25076_7_13	B02739	B02739	100
25076_2_8	B02741	B02741	7
25076_7_8	B02741	B02741	100
37082_5_21	B02745	B02745	7
37273_7_18	B02749	B02749	7
25076_2_9	B02752	B02752	7
25076_6_16	B02752	B02752	100
37273_5_1	B02761	B02761	7
25076_2_13	B02765	B02765	7
25076_6_24	B02765	B02765	100
37273_8_20	B02774	B02774	7
37273_7_19	B02776	B02776	7
25076_2_20	B02779	B02779	7
25076_7_11	B02779	B02779	100
25076_2_12	B02780	B02780	7
25076_6_23	B02780	B02780	100
37081_4_32	B02782	B02782	7
25076_2_18	B02785	B02785	7
25076_6_18	B02785	B02785	100
25076_2_15	B02813	B02813	7
25076_7_12	B02813	B02813	100
25076_2_22	B02816	B02816	7
25076_7_15	B02816	B02816	100
25076_2_16	B02817	B02817	7
25076_6_17	B02817	B02817	100
25076_2_17	B02821	B02821	7
25076_7_9	B02821	B02821	100
37273_8_22	B02830	B02830	7
25013_2_12	B02832	B02832	100
25076_2_19	B02832	B02832	7
25076_2_21	B02834	B02834	7
25076_7_7	B02834	B02834	100
37273_5_13	B02839	B02839	7
25076_3_4	B02841	B02841	7
25076_7_21	B02841	B02841	100
25013_2_8	B02842	B02842	7
25076_7_14	B02842	B02842	100
37273_5_6	B02857	B02857	7
25013_2_17	B02861	B02861	100
25076_2_23	B02861	B02861	7
37273_5_2	B02863	B02863	7
37081_6_18	B02880	B02880	7
25076_3_2	B02885	B02885	7
25076_7_10	B02885	B02885	100
37273_5_21	B02904	B02904	7
37273_8_24	B02905	B02905	7
25076_2_24	B02909	B02909	7
25076_7_16	B02909	B02909	100
37273_8_25	B02920	B02920	7
37273_5_20	B02926	B02926	7
25076_3_7	B02932	B02932	7
25076_7_22	B02932	B02932	100
25076_3_3	B02935	B02935	7
25076_7_19	B02935	B02935	100
37081_5_6	B02936	B02936	7
37081_5_12	B02938	B02938	7
25076_3_6	B02939	B02939	7
25076_7_17	B02939	B02939	100
37273_5_26	B02971	B02971	7
37081_5_5	B02972	B02972	7
37081_5_3	B02974	B02974	7
37273_8_26	B02975	B02975	7
37273_5_27	B02977	B02977	7
37081_5_9	B02981	B02981	7
37081_5_17	B02983	B02983	7
37081_5_25	B02988	B02988	7
37082_6_12	B02991	B02991	7
37081_5_15	B02993	B02993	7
37081_5_13	B02994	B02994	7
37081_5_7	B03004	B03004	7
37081_5_21	B03005	B03005	7
37081_5_24	B03007	B03007	7
37081_5_31	B03019	B03019	7
37081_6_2	B03020	B03020	7
37081_5_14	B03027	B03027	7
37081_5_19	B03029	B03029	7
37273_8_30	B03046	B03046	7
37273_8_29	B03048	B03048	7
37081_6_1	B03049	B03049	7
37273_8_28	B03052	B03052	7
37081_5_26	B03054	B03054	7
37081_5_29	B03058	B03058	7
37081_6_3	B03060	B03060	7
37081_6_4	B03078	B03078	7
37081_8_5	B03083	B03083	7
37082_7_2	B03084	B03084	7
37082_7_8	B03090	B03090	7
37081_6_5	B03099	B03099	7
37081_6_10	B03102	B03102	7
37082_7_3	B03113	B03113	7
37081_6_21	B03118	B03118	7
37081_6_22	B03121	B03121	7
37081_6_20	B03122	B03122	7
37081_6_17	B03128	B03128	7
37082_7_5	B03132	B03132	7
37081_6_14	B03135	B03135	7
37081_6_9	B03136	B03136	7
37081_6_11	B03137	B03137	7
37082_7_9	B03165	B03165	7
37082_7_6	B03168	B03168	7
37081_7_7	B03169	B03169	7
37081_6_27	B03171	B03171	7
37081_6_28	B03172	B03172	7
37081_6_24	B03188	B03188	7
37082_5_17	B03207	B03207	7
37082_5_2	B03210	B03210	7
37082_5_5	B03211	B03211	7
37082_5_3	B03213	B03213	7
37082_7_12	B03214	B03214	7
37082_5_6	B03215	B03215	7
37081_8_8	B03236	B03236	7
37082_5_15	B03237	B03237	7
37082_5_20	B03239	B03239	7
37082_5_9	B03241	B03241	7
37082_5_13	B03244	B03244	7
37082_5_12	B03245	B03245	7
37082_5_24	B03249	B03249	7
37081_7_19	B03255	B03255	7
37082_5_19	B03266	B03266	7
37082_7_13	B03268	B03268	7
37081_7_3	B03275	B03275	7
37082_5_25	B03276	B03276	7
37082_5_26	B03277	B03277	7
37273_6_17	B03280	B03280	7
37081_7_5	B03282	B03282	7
37082_7_15	B03285	B03285	7
37082_5_31	B03293	B03293	7
37082_5_32	B03318	B03318	7
37081_7_8	B03319	B03319	7
37082_7_16	B03320	B03320	7
37082_7_20	B03329	B03329	7
37082_6_16	B03334	B03334	7
37082_7_19	B03335	B03335	7
37082_7_18	B03339	B03339	7
37081_7_12	B03342	B03342	7
37081_7_11	B03355	B03355	7
37081_7_20	B03356	B03356	7
37082_7_24	B03371	B03371	7
37081_7_17	B03373	B03373	7
37082_7_28	B03387	B03387	7
37081_7_18	B03388	B03388	7
37082_7_25	B03390	B03390	7
37081_7_31	B03426	B03426	7
37081_7_32	B03430_T2	B03430	7
37082_7_29	B03430_T1	B03430	7
37082_7_31	B03431	B03431	7
37081_8_7	B03437	B03437	7
37081_7_29	B03438	B03438	7
37081_7_30	B03442	B03442	7
37081_8_4	B03450	B03450	7
37082_6_9	B03457	B03457	7
37081_8_14	B03464	B03464	7
37081_8_15	B03465	B03465	7
37082_7_32	B03467	B03467	7
37081_8_23	B03482	B03482	7
37081_8_24	B03483	B03483	7
37081_8_29	B03484	B03484	7
37081_8_13	B03485	B03485	7
37081_8_20	B03486	B03486	7
37081_8_17	B03496	B03496	7
37081_8_19	B03498	B03498	7
37081_8_16	B03505	B03505	7
37081_8_12	B03507	B03507	7
37082_8_2	B03508	B03508	7
37082_6_15	B03516	B03516	7
37082_8_3	B03519	B03519	7
37082_6_3	B03520	B03520	7
37082_6_5	B03521	B03521	7
37082_8_1	B03525	B03525	7
37082_6_8	B03530	B03530	7
37082_6_2	B03531	B03531	7
37081_8_26	B03543	B03543	7
37035_3_2	B03559	B03559	7
37082_6_22	B03560	B03560	7
37082_6_14	B03565	B03565	7
37082_6_20	B03572	B03572	7
37273_6_9	B03580	B03580	7
37082_8_12	B03582	B03582	7
37082_6_19	B03583	B03583	7
37082_6_18	B03586	B03586	7
37273_6_16	B03595	B03595	7
37082_8_9	B03596	B03596	7
37082_8_6	B03597	B03597	7
37082_6_24	B03599	B03599	7
37082_6_29	B03604	B03604	7
37273_6_1	B03608	B03608	7
37082_6_31	B03613	B03613	7
37273_6_13	B03619	B03619	7
37082_8_13	B03625	B03625	7
37273_6_21	B03626	B03626	7
37273_6_12	B03629	B03629	7
37273_6_8	B03631	B03631	7
37273_6_11	B03633	B03633	7
37273_6_6	B03637	B03637	7
37273_6_14	B03640	B03640	7
37273_6_7	B03645	B03645	7
37035_5_20	B03649	B03649	7
37082_8_15	B03654	B03654	7
37273_6_3	B03661	B03661	7
37082_8_10	B03662	B03662	7
37273_6_2	B03664	B03664	7
37273_6_19	B03669	B03669	7
37273_6_18	B03670	B03670	7
37273_6_27	B03678	B03678	7
37273_6_26	B03680	B03680	7
37273_6_28	B03691	B03691	7
37035_4_18	B03697	B03697	7
37035_3_1	B03698	B03698	7
37273_6_24	B03704	B03704	7
37035_3_3	B03709	B03709	7
37273_6_29	B03716	B03716	7
37035_3_10	B03717	B03717	7
37273_6_25	B03721	B03721	7
37035_3_4	B03723	B03723	7
37035_3_18	B03725	B03725	7
37273_6_22	B03726 	B03726 	7
37273_6_30	B03727	B03727	7
37035_3_8	B03732	B03732	7
37035_3_14	B03738	B03738	7
37082_8_20	B03739	B03739	7
37035_3_6	B03741	B03741	7
37035_3_5	B03743	B03743	7
37035_3_9	B03747	B03747	7
37082_8_19	B03749	B03749	7
37035_3_7	B03752	B03752	7
37035_3_26	B03753	B03753	7
37035_3_17	B03754	B03754	7
37035_3_16	B03755	B03755	7
37035_3_15	B03761	B03761	7
37035_3_20	B03763	B03763	7
37035_3_19	B03764	B03764	7
37035_3_23	B03766	B03766	7
37035_3_21	B03767	B03767	7
37082_8_18	B03768	B03768	7
37035_3_13	B03769	B03769	7
37082_8_17	B03771	B03771	7
37035_3_24	B03776	B03776	7
37035_4_14	B03777	B03777	7
37035_4_2	B03782	B03782	7
37035_4_11	B03786	B03786	7
37035_4_22	B03789	B03789	7
37035_3_32	B03791_T1	B03791	7
37035_4_1	B03791_T2	B03791	7
37035_3_25	B03793	B03793	7
37035_4_4	B03794	B03794	7
37035_3_28	B03798	B03798	7
37082_8_21	B03800	B03800	7
37035_3_29	B03806	B03806	7
37035_4_9	B03809	B03809	7
37035_4_10	B03810	B03810	7
37035_3_31	B03816_T1	B03816	7
37035_4_13	B03816_T2	B03816	7
37082_8_24	B03817	B03817	7
37082_8_23	B03818	B03818	7
37082_8_22	B03821	B03821	7
37035_4_20	B03822	B03822	7
37035_4_6	B03827	B03827	7
37035_3_27	B03828	B03828	7
37035_4_3	B03829	B03829	7
37082_8_25	B03830	B03830	7
37082_8_26	B03831	B03831	7
37035_4_12	B03832	B03832	7
37082_8_27	B03833	B03833	7
37035_4_5	B03834	B03834	7
37035_4_15	B03839	B03839	7
37035_4_7	B03841_T1	B03841	7
37035_4_8	B03841_T2	B03841	7
37035_4_23	B03843	B03843	7
37035_3_30	B03844	B03844	7
37035_4_17	B03849	B03849	7
37035_4_19	B03852	B03852	7
37035_4_30	B03861	B03861	7
37035_5_10	B03862	B03862	7
37082_8_29	B03863 	B03863 	7
37035_5_15	B03866	B03866	7
37035_4_24	B03872	B03872	7
37035_4_16	B03875	B03875	7
37082_8_28	B03879	B03879	7
37035_4_28	B03880	B03880	7
37035_4_29	B03883	B03883	7
37035_4_31	B03885	B03885	7
37035_4_27	B03886	B03886	7
37035_4_25	B03887	B03887	7
37035_5_4	B03889	B03889	7
37035_4_21	B03896	B03896	7
37035_4_26	B03902	B03902	7
37035_4_32	B03904	B03904	7
37035_5_3	B03906	B03906	7
37035_5_18	B03907	B03907	7
37035_5_2	B03908	B03908	7
37035_5_16	B03910_T2	B03910	7
37035_5_6	B03910_T1	B03910	7
37035_5_9	B03912	B03912	7
37082_8_30	B03916	B03916	7
37035_5_7	B03919	B03919	7
37035_5_12	B03921	B03921	7
37035_5_11	B03922	B03922	7
37035_5_19	B03924	B03924	7
37035_5_14	B03925	B03925	7
37035_5_8	B03926	B03926	7
37082_8_32	B03929	B03929	7
37035_5_17	B03931	B03931	7
37035_5_5	B03934	B03934	7
37035_5_1	B03935	B03935	7
37082_8_31	B03939	B03939	7
37035_5_13	B03940	B03940	7
18403_19	BBS0001	BBS0001	7
18403_20	BBS0003	BBS0003	17
18403_21	BBS0006	BBS0006	12
19646_5_1	BBS0006	BBS0006	0
18403_22	BBS0007	BBS0007	10
18403_23	BBS0008	BBS0008	10
19646_5_2	BBS0011	BBS0011	7
37082_4_6	BBS0012	BBS0012	12
19646_5_3	BBS0014	BBS0014	11
19646_5_4	BBS0014	BBS0014	0
19646_5_5	BBS0024	BBS0024	7
19646_5_6	BBS0024	BBS0024	0
37082_4_7	BBS0029	BBS0029	29
19646_5_7	BBS0035	BBS0035	7
19646_5_8	BBS0038	BBS0038	7
19646_5_9	BBS0038	BBS0038	0
19646_5_10	BBS0045	BBS0045	7
19646_5_11	BBS0045	BBS0045	21
19646_5_12	BBS0048	BBS0048	4
19646_5_13	BBS0048	BBS0048	7
19646_5_14	BBS0048	BBS0048	21
19646_5_15	BBS0051	BBS0051	4
19646_5_16	BBS0051	BBS0051	7
19646_5_17	BBS0051	BBS0051	21
20596_5_23	BBS0055	BBS0055	13
20596_5_24	BBS0055	BBS0055	21
19646_5_18	BBS0057	BBS0057	4
19646_5_19	BBS0057	BBS0057	7
20596_4_2	BBS0057	BBS0057	21
19646_5_20	BBS0059	BBS0059	4
19646_5_21	BBS0059	BBS0059	7
19646_5_22	BBS0061	BBS0061	7
19646_5_23	BBS0062	BBS0062	4
19646_5_24	BBS0062	BBS0062	7
19646_4_1	BBS0067	BBS0067	7
19646_4_2	BBS0067	BBS0067	0
19646_4_3	BBS0070	BBS0070	4
19646_4_4	BBS0070	BBS0070	7
19646_4_5	BBS0070	BBS0070	0
19646_4_6	BBS0072	BBS0072	7
19646_4_7	BBS0073	BBS0073	7
19646_4_8	BBS0074	BBS0074	7
19646_4_9	BBS0075	BBS0075	4
20596_4_1	BBS0075	BBS0075	7
37082_4_2	BBS0079	BBS0079	9
37082_4_3	BBS0082	BBS0082	10
22178_7_24	C_Fresh_01	C	7
21127_6_17	C01007	C01007	0
21127_6_6	C01007	C01007	7
21127_7_15	C01007	C01007	21
21242_1	C01008_T1	C01008	21
21242_2	C01008_T2	C01008	21
21242_62	C01008_T2	C01008	7
21242_92	C01008_T1	C01008	4
21242_93	C01008_T2	C01008	4
21242_94	C01008_T1	C01008	7
21127_6_16	C01010	C01010	0
21127_6_24	C01010	C01010	7
21127_6_10	C01012	C01012	7
21127_7_18	C01012	C01012	21
21242_82	C01012	C01012	0
37081_1_31	C01048	C01048	7
37081_1_32	C01049	C01049	7
21127_6_14	C01052	C01052	0
21127_7_14	C01052	C01052	7
21127_7_3	C01052	C01052	4
21242_9	C01052	C01052	21
21242_7	C01070	C01070	21
21242_95	C01070	C01070	4
21242_96	C01070	C01070	7
37081_1_27	C01073	C01073	7
21127_6_23	C01075	C01075	0
21127_7_12	C01075	C01075	7
21127_7_8	C01075	C01075	4
21127_7_11	C01138	C01138	0
21127_7_20	C01138	C01138	4
21127_7_22	C01138	C01138	7
21242_20	C01201	C01201	0
21242_28	C01201	C01201	7
21242_8	C01201	C01201	4
25013_2_24	C01202	C01202	7
25076_4_5	C01202	C01202	100
37081_2_9	C01202	C01202	4
21242_15	C01204	C01204	4
21242_16	C01204	C01204	7
21242_21	C01204	C01204	0
21242_69	C01204	C01204	21
25013_1_17	C01204	C01204	100
24211_2_2	C01288	C01288	7
24469_7_12	C01288	C01288	100
21673_1	C01329	C01329	0
21673_14	C01329	C01329	21
21673_63	C01329	C01329	4
21673_64	C01329	C01329	7
21673_28	C01331	C01331	21
21673_65	C01331	C01331	4
21673_66	C01331	C01331	7
24211_2_15	C01352	C01352	21
24211_2_6	C01352	C01352	7
21242_48	C01381	C01381	4
21242_49	C01381	C01381	7
21242_50	C01381	C01381	0
21673_27	C01381	C01381	21
24211_2_12	C01382	C01382	21
24469_4_4	C01382	C01382	7
25076_4_6	C01382	C01382	100
37273_7_2	C01383	C01383	7
21673_24	C01384	C01384	21
21673_5	C01384	C01384	7
21673_67	C01384	C01384	4
24211_2_10	C01386	C01386	7
24211_2_14	C01386	C01386	21
21523_4_4	C01387	C01387	21
21673_68	C01387	C01387	4
21673_69	C01387	C01387	0
22178_6_2	C01387	C01387	7
25076_5_22	C01387	C01387	100
37081_2_15	C01388	C01388	4
21673_3	C01389	C01389	0
21673_33	C01389	C01389	21
21673_70	C01389	C01389	4
21673_71	C01389	C01389	7
21673_2	C01390	C01390	0
21673_7	C01390	C01390	7
21673_72	C01390	C01390	4
37273_8_1	C01391	C01391	7
23164_6_3	C01392	C01392	21
23164_7_17	C01392	C01392	7
25076_4_7	C01392	C01392	100
37081_2_30	C01428	C01428	7
25013_3_5	C01429	C01429	4
25076_4_8	C01429	C01429	100
37081_2_28	C01433_T1	C01433	4
37273_7_3	C01433_T2	C01433	4
21523_4_8	C01442	C01442	21
21673_22	C01442	C01442	4
21673_26	C01442	C01442	7
22178_6_3	C01442	C01442	0
21673_20	C01443	C01443	0
21673_29	C01443	C01443	7
24469_2_20	C01443	C01443	100
21523_4_1	C01444	C01444	21
21523_4_19	C01444	C01444	4
21523_4_20	C01444	C01444	7
21842_3_24	C01447_T2	C01447	4
21842_4_1	C01447_T2	C01447	7
21842_4_2	C01447_T2	C01447	21
23164_6_2	C01447_T1	C01447	7
23584_5_7	C01447_T1	C01447	21
25013_3_9	C01478	C01478	21
25076_4_9	C01478	C01478	100
24211_2_20	C01485	C01485	7
24211_3_4	C01485	C01485	21
24469_4_5	C01485	C01485	0
21673_36	C01488	C01488	4
21673_37	C01488	C01488	0
37273_3_3	C01510	C01510	7
25013_3_8	C01512	C01512	4
25076_4_10	C01512	C01512	100
21842_4_3	C01528	C01528	21
21842_4_4	C01528	C01528	4
21842_4_5	C01528	C01528	7
21842_4_6	C01529	C01529	21
21842_4_7	C01529	C01529	4
21842_4_8	C01529	C01529	7
21842_4_10	C01530	C01530	4
21842_4_11	C01530	C01530	7
21842_4_9	C01530	C01530	21
24759_5_18	C01530	C01530	100
24211_3_2	C01531	C01531	7
24469_4_7	C01531	C01531	4
24469_7_5	C01531	C01531	100
21842_4_12	C01560	C01560	7
21842_4_13	C01560	C01560	0
37273_3_23	C01592	C01592	21
37273_8_3	C01595	C01595	7
21940_3_7	C01654	C01654	4
21940_3_8	C01654	C01654	7
21940_3_9	C01654	C01654	21
25013_1_19	C01658	C01658	7
25076_4_11	C01658	C01658	100
25013_1_13	C01660	C01660	7
25076_4_12	C01660	C01660	100
37273_3_9	C01660	C01660	4
24211_3_20	C01661	C01661	21
24469_7_19	C01661	C01661	100
24211_3_21	C01662	C01662	21
24469_4_8	C01662	C01662	7
24211_3_17	C01667	C01667	7
24211_3_5	C01667	C01667	4
24211_4_3	C01667	C01667	21
21940_3_4	C01689	C01689	4
21940_3_5	C01689	C01689	7
21940_3_6	C01689	C01689	21
21940_3_1	C01690	C01690	4
21940_3_2	C01690	C01690	7
21940_3_3	C01690	C01690	21
24469_3_2	C01690	C01690	100
37273_3_14	C01694	C01694	4
22178_6_4	C01695	C01695	21
22178_6_5	C01695	C01695	4
22178_6_6	C01695	C01695	7
25076_4_13	C01695	C01695	100
21842_4_14	C01696	C01696	4
21842_4_15	C01696	C01696	7
21842_4_16	C01696	C01696	0
25076_4_14	C01696	C01696	100
24211_3_13	C01697	C01697	7
24211_4_2	C01697	C01697	21
25013_1_22	C01697	C01697	100
37273_7_9	C01699	C01699	21
22178_6_7	C01700	C01700	21
22178_6_8	C01700	C01700	4
22178_6_9	C01700	C01700	7
37273_3_24	C01702	C01702	7
24211_3_11	C01748_T1	C01748	4
24211_3_12	C01748_T2	C01748	4
24211_4_5	C01748_T2	C01748	21
24469_7_16	C01748_T1	C01748	100
24469_7_17	C01748_T2	C01748	100
37273_3_22	C01748_T1	C01748	7
24211_3_15	C01749	C01749	7
24211_4_8	C01749	C01749	21
25013_2_4	C01749	C01749	100
25013_2_1	C01750	C01750	7
25076_4_15	C01750	C01750	100
37273_7_8	C01750	C01750	4
21989_7_18	C01751	C01751	21
21989_7_19	C01751	C01751	4
21989_7_20	C01751	C01751	7
25076_4_16	C01751	C01751	100
21842_4_17	C01752	C01752	4
21842_4_18	C01752	C01752	0
21989_7_21	C01752	C01752	7
21842_4_19	C01753	C01753	4
21842_4_20	C01753	C01753	7
24469_7_14	C01753	C01753	100
37273_3_21	C01755	C01755	4
23164_6_10	C01756	C01756	7
23164_6_7	C01756	C01756	0
23164_6_9	C01756	C01756	4
23164_7_18	C01756	C01756	21
25076_4_17	C01756	C01756	100
21842_4_21	C01757	C01757	4
21842_4_22	C01757	C01757	0
23164_6_13	C01757	C01757	21
24469_7_11	C01757	C01757	100
22178_6_10	C01758	C01758	21
22178_6_11	C01758	C01758	4
22178_6_12	C01758	C01758	7
22178_6_13	C01758	C01758	0
25076_4_18	C01758	C01758	100
21842_4_23	C01831	C01831	4
21842_4_24	C01831	C01831	0
23164_6_12	C01831	C01831	21
24759_5_19	C01831	C01831	100
21989_7_22	C01832	C01832	21
21989_7_23	C01832	C01832	4
21989_7_24	C01832	C01832	7
24759_5_20	C01832	C01832	100
25013_3_16	C01834	C01834	21
25076_4_19	C01834	C01834	100
21999_3_1	C01836	C01836	21
21999_3_2	C01836	C01836	4
21999_3_3	C01836	C01836	7
23164_6_11	C01837	C01837	21
23164_6_8	C01837	C01837	4
21999_3_4	C01839	C01839	21
21999_3_5	C01839	C01839	4
21999_3_6	C01839	C01839	7
21999_3_7	C01839	C01839	0
21999_3_10	C01840	C01840	7
21999_3_11	C01840	C01840	0
21999_3_8	C01840	C01840	21
21999_3_9	C01840	C01840	4
25076_4_20	C01840	C01840	100
21999_3_12	C01841	C01841	21
21999_3_13	C01841	C01841	4
21999_3_14	C01841	C01841	7
21999_3_15	C01841	C01841	0
25076_4_21	C01841	C01841	100
25013_2_10	C01843	C01843	100
25013_2_7	C01843	C01843	7
37273_3_26	C01843	C01843	4
21999_3_16	C01844	C01844	21
21999_3_17	C01844	C01844	4
21999_3_18	C01844	C01844	7
21999_3_19	C01844	C01844	0
24469_7_20	C01844	C01844	100
23430_6_3	C01846	C01846	21
23584_5_14	C01846	C01846	4
22178_6_14	C01871	C01871	21
22178_6_15	C01871	C01871	4
22178_6_16	C01871	C01871	7
22178_6_17	C01871	C01871	0
24211_4_11	C01873	C01873	7
24211_4_24	C01873	C01873	21
24469_4_19	C01873	C01873	0
25076_4_22	C01873	C01873	100
21999_3_20	C01877	C01877	21
21999_3_21	C01877	C01877	4
21999_3_22	C01877	C01877	7
21999_3_23	C01913	C01913	21
21999_3_24	C01913	C01913	4
21999_4_1	C01913	C01913	7
25076_4_23	C01913	C01913	100
23584_5_11	C01914	C01914	7
23584_5_9	C01914	C01914	0
24469_4_21	C01914	C01914	4
21999_4_2	C01915	C01915	21
21999_4_3	C01915	C01915	4
21999_4_4	C01915	C01915	7
25076_7_20	C01915	C01915	100
23430_6_6	C01916	C01916	7
23584_5_8	C01916	C01916	0
24469_4_23	C01916	C01916	21
21999_4_5	C01917	C01917	21
21999_4_6	C01917	C01917	4
21999_4_7	C01917	C01917	7
21999_4_8	C01917	C01917	0
25076_5_19	C01917	C01917	100
21999_4_10	C01919	C01919	4
21999_4_11	C01919	C01919	7
21999_4_12	C01919	C01919	0
21999_4_9	C01919	C01919	21
25076_4_24	C01919	C01919	100
37273_3_31	C01926	C01926	7
21999_4_13	C01929	C01929	21
21999_4_14	C01929	C01929	4
21999_4_15	C01929	C01929	7
21999_4_16	C01929	C01929	0
21999_4_17	C01930	C01930	21
21999_4_18	C01930	C01930	4
21999_4_19	C01930	C01930	7
21999_4_20	C01930	C01930	0
24469_3_5	C01930	C01930	100
25013_3_20	C01931	C01931	21
25076_5_1	C01931	C01931	100
24211_4_20	C01959	C01959	21
24469_5_3	C01959	C01959	0
24469_7_2	C01959	C01959	100
24211_5_2	C01960	C01960	7
24469_3_24	C01960	C01960	100
24469_5_5	C01960	C01960	0
22178_6_18	C01962	C01962	21
22178_6_19	C01962	C01962	4
22178_6_20	C01962	C01962	7
22178_6_21	C01962	C01962	0
24469_2_21	C01962	C01962	100
21999_4_21	C01990	C01990	21
21999_4_22	C01990	C01990	4
21999_4_23	C01990	C01990	7
21999_4_24	C01990	C01990	0
22178_6_22	C01991	C01991	21
22178_6_23	C01991	C01991	4
22178_6_24	C01991	C01991	7
22178_7_1	C01991	C01991	0
22178_7_2	C01994	C01994	21
22178_7_3	C01994	C01994	4
22178_7_4	C01994	C01994	7
22178_7_5	C01994	C01994	0
25076_5_2	C01994	C01994	100
37081_3_8	C01998	C01998	21
22178_7_6	C02016	C02016	21
22178_7_7	C02016	C02016	4
22178_7_8	C02016	C02016	7
22178_7_10	C02044	C02044	4
22178_7_11	C02044	C02044	7
22178_7_12	C02044	C02044	0
22178_7_9	C02044	C02044	21
22178_7_13	C02047	C02047	21
22178_7_14	C02047	C02047	4
22178_7_15	C02047	C02047	7
22178_7_16	C02047	C02047	0
37273_8_12	C02048	C02048	21
24211_5_3	C02056	C02056	21
24469_5_2	C02056	C02056	7
24469_5_9	C02056	C02056	0
25076_5_3	C02056	C02056	100
24211_4_19	C02057	C02057	7
24211_5_4	C02057	C02057	21
24211_7_1	C02057	C02057	4
24469_5_10	C02057	C02057	0
24469_5_7	C02058	C02058	0
24759_5_3	C02058	C02058	7
24759_5_5	C02058	C02058	21
22178_7_17	C02059	C02059	21
22178_7_18	C02059	C02059	4
22178_7_19	C02059	C02059	7
22178_7_20	C02059	C02059	0
24211_5_6	C02061	C02061	21
24469_5_6	C02061	C02061	0
24469_7_22	C02061	C02061	100
24759_5_2	C02061	C02061	4
22178_7_21	C02062	C02062	21
22178_7_22	C02062	C02062	4
22178_7_23	C02062	C02062	7
24469_3_15	C02062	C02062	100
23164_6_14	C02097	C02097	0
23164_6_15	C02097	C02097	21
23430_6_8	C02097	C02097	7
37081_3_12	C02127	C02127	7
37273_7_12	C02129	C02129	7
25013_3_21	C02130	C02130	7
25076_5_4	C02130	C02130	100
23430_6_9	C02131	C02131	7
23584_5_19	C02131	C02131	0
25076_5_13	C02131	C02131	100
37081_3_16	C02141	C02141	7
23430_6_10	C02142	C02142	7
23430_8_4	C02142	C02142	0
23430_6_11	C02143	C02143	7
23584_5_20	C02143	C02143	0
25076_5_5	C02143	C02143	100
23430_6_13	C02180	C02180	7
23584_5_21	C02180	C02180	0
23430_6_12	C02186	C02186	7
23430_8_1	C02186	C02186	0
37081_3_20	C02187	C02187	7
24211_5_13	C02190	C02190	7
24469_3_19	C02190	C02190	100
23430_6_14	C02223_T1	C02223	7
23430_6_15	C02223_T2	C02223	7
23430_8_3	C02223	C02223	0
24759_5_21	C02223_T1	C02223	100
24759_5_22	C02223_T2	C02223	100
37081_3_17	C02225	C02225	7
37273_8_15	C02226	C02226	7
23430_6_20	C02236	C02236	7
23430_8_5	C02236	C02236	0
25076_5_6	C02236	C02236	100
37273_8_16	C02267	C02267	7
37081_3_24	C02277	C02277	7
37081_3_23	C02278	C02278	7
37081_3_30	C02291	C02291	7
23430_6_17	C02294_T1	C02294	7
23430_6_18	C02294_T2	C02294	7
23430_8_2	C02294	C02294	0
23430_6_19	C02295	C02295	7
23430_8_6	C02295	C02295	0
25013_1_11	C02295	C02295	100
37273_4_10	C02298	C02298	7
37273_7_13	C02304	C02304	7
25013_4_1	C02323	C02323	7
25076_5_7	C02323	C02323	100
23430_6_23	C02331	C02331	7
23584_4_5	C02331	C02331	0
37273_4_1	C02332	C02332	7
37081_3_27	C02334	C02334	7
37273_8_17	C02344	C02344	7
25013_4_2	C02345	C02345	7
25076_5_8	C02345	C02345	100
37273_4_3	C02346	C02346	7
23430_8_8	C02353	C02353	0
23584_4_3	C02353	C02353	7
24211_6_8	C02377	C02377	7
24469_3_16	C02377	C02377	100
37273_4_17	C02383	C02383	7
37273_4_2	C02384	C02384	7
37273_4_4	C02386	C02386	7
37273_4_15	C02387	C02387	7
23430_8_9	C02391	C02391	0
23584_4_4	C02391	C02391	7
25076_5_9	C02391	C02391	100
24211_6_18	C02406	C02406	7
24469_2_22	C02406	C02406	100
37273_4_12	C02409	C02409	7
25013_2_16	C02411	C02411	100
25013_4_4	C02411	C02411	7
25013_4_8	C02438	C02438	7
25076_5_10	C02438	C02438	100
37273_4_16	C02452	C02452	7
37273_4_19	C02465_T1	C02465	7
37273_4_20	C02465_T2	C02465	7
24469_5_17	C02471	C02471	7
24469_7_3	C02471	C02471	100
25013_4_14	C02497	C02497	7
25076_5_11	C02497	C02497	100
23430_8_10	C02514	C02514	0
23584_4_6	C02514	C02514	7
24759_5_23	C02514	C02514	100
23430_8_11	C02516	C02516	0
23584_4_7	C02516	C02516	7
24759_5_24	C02516	C02516	100
25013_4_15	C02526	C02526	7
25076_6_14	C02526	C02526	100
37273_4_30	C02546	C02546	7
37273_4_28	C02547	C02547	7
23430_8_13	C02548	C02548	0
23584_4_12	C02548	C02548	7
24469_2_23	C02552	C02552	100
24469_5_19	C02552	C02552	7
37081_4_9	C02557	C02557	21
37273_4_27	C02557	C02557	7
23430_8_12	C02565	C02565	0
23584_4_11	C02565	C02565	7
23430_8_16	C02566	C02566	0
23584_4_9	C02566	C02566	7
23430_8_15	C02571	C02571	0
23584_4_10	C02571	C02571	7
37081_4_2	C02629	C02629	7
37081_4_4	C02631	C02631	7
23430_8_14	C02634	C02634	0
23584_4_13	C02634	C02634	7
37273_7_16	C02643	C02643	7
23584_4_14	C02649	C02649	7
23584_4_23	C02649	C02649	0
23584_4_15	C02670	C02670	7
23584_4_24	C02670	C02670	0
37081_4_29	C02674	C02674	21
37081_4_10	C02675	C02675	7
37081_4_17	C02677	C02677	7
37081_4_24	C02694	C02694	7
23430_8_17	C02695	C02695	0
23584_4_18	C02695	C02695	7
37273_8_19	C02706	C02706	7
37081_4_27	C02707	C02707	7
23430_8_22	C02755	C02755	0
23584_4_21	C02755	C02755	7
23430_8_20	C02756	C02756	0
23584_4_19	C02756	C02756	7
37081_4_21	C02757	C02757	7
37081_4_23	C02768	C02768	7
37081_4_26	C02769	C02769	7
37081_4_31	C02793	C02793	7
37081_4_30	C02796	C02796	7
37273_5_3	C02804	C02804	7
37273_5_4	C02806	C02806	7
37273_5_5	C02824	C02824	7
37273_5_11	C02825	C02825	7
37273_5_9	C02844	C02844	7
37273_5_7	C02845	C02845	7
37273_5_8	C02847	C02847	7
37273_5_30	C02848	C02848	7
37273_5_15	C02867	C02867	7
23430_8_18	C02868	C02868	0
23584_5_4	C02868	C02868	7
37273_5_10	C02874	C02874	7
37273_5_22	C02890	C02890	7
23430_8_23	C02892	C02892	7
23430_8_24	C02892	C02892	0
37273_8_23	C02894	C02894	7
37273_5_19	C02895	C02895	7
37273_5_25	C02896	C02896	7
37273_5_23	C02916	C02916	7
37273_5_32	C02927	C02927	7
37081_5_11	C02945	C02945	7
37081_5_1	C02957	C02957	7
37081_5_4	C02960	C02960	7
37273_5_31	C02962	C02962	7
37273_5_28	C02964	C02964	7
37273_5_29	C02965	C02965	7
37081_5_27	C02967	C02967	7
37081_5_16	C03009	C03009	7
37081_5_8	C03010	C03010	7
37273_8_31	C03011	C03011	7
37081_5_18	C03012	C03012	7
37273_7_20	C03014	C03014	7
37273_8_27	C03038	C03038	7
37081_5_23	C03041	C03041	7
37081_5_30	C03063	C03063	7
37081_5_32	C03064	C03064	7
37081_5_28	C03066	C03066	7
37273_8_32	C03069	C03069	7
37081_6_7	C03147_T1	C03147	7
37081_6_8	C03147_T2	C03147	7
37081_6_13	C03150	C03150	7
37081_6_19	C03159	C03159	7
37081_6_15	C03160	C03160	7
37081_6_16	C03161	C03161	7
37081_6_25	C03193	C03193	7
37082_5_23	C03195	C03195	7
37081_6_23	C03196	C03196	7
37082_7_4	C03199	C03199	7
37081_6_32	C03220	C03220	7
37082_5_4	C03222	C03222	7
37082_7_11	C03223	C03223	7
37082_5_28	C03224	C03224	7
37082_5_11	C03225	C03225	7
37082_5_7	C03226	C03226	7
37081_6_26	C03233	C03233	7
37082_5_1	C03250	C03250	7
37082_5_18	C03256	C03256	7
37082_5_14	C03258	C03258	7
37082_5_30	C03299	C03299	7
37082_5_29	C03300	C03300	7
37082_5_22	C03301	C03301	7
37081_7_2	C03303	C03303	7
37082_5_27	C03305	C03305	7
37081_7_6	C03306	C03306	7
37082_7_21	C03343	C03343	7
37082_7_14	C03344	C03344	7
37081_7_10	C03345	C03345	7
37081_7_16	C03346	C03346	7
37081_7_14	C03349	C03349	7
37081_7_9	C03350	C03350	7
37082_7_17	C03353	C03353	7
37081_7_4	C03361	C03361	7
37081_7_13	C03369	C03369	7
37081_7_26	C03370	C03370	7
37081_7_23	C03376	C03376	7
37081_7_27	C03377	C03377	7
37082_7_22	C03380	C03380	7
37081_7_25	C03381	C03381	7
37082_7_23	C03384	C03384	7
37081_7_24	C03385	C03385	7
37081_7_21	C03393	C03393	7
37082_7_27	C03396	C03396	7
37082_7_30	C03399	C03399	7
37082_7_26	C03401	C03401	7
37081_7_28	C03402	C03402	7
37081_8_1	C03443	C03443	7
37081_8_2	C03444	C03444	7
37081_8_3	C03447	C03447	7
37081_8_11	C03452	C03452	7
37081_8_22	C03472	C03472	7
37081_8_10	C03475	C03475	7
37081_8_6	C03476	C03476	7
37081_8_9	C03478	C03478	7
37081_8_21	C03480	C03480	7
37082_6_21	C03491	C03491	7
37081_8_28	C03492	C03492	7
37082_6_10	C03493	C03493	7
37081_8_18	C03494	C03494	7
37081_8_27	C03501	C03501	7
37081_8_25	C03503	C03503	7
37081_8_31	C03504	C03504	7
37081_8_30	C03511	C03511	7
37082_6_1	C03527	C03527	7
37082_6_7	C03533	C03533	7
37082_8_5	C03534	C03534	7
37082_6_6	C03535	C03535	7
37082_8_4	C03536	C03536	7
37082_6_11	C03537	C03537	7
37082_6_13	C03549	C03549	7
37082_6_17	C03551	C03551	7
37082_6_23	C03553	C03553	7
37082_6_25	C03554	C03554	7
37082_8_7	C03569	C03569	7
37082_6_30	C03574	C03574	7
37273_6_5	C03587	C03587	7
37082_8_11	C03589	C03589	7
37082_6_28	C03590	C03590	7
37082_8_8	C03591	C03591	7
37082_6_26	C03593	C03593	7
37082_6_27	C03594	C03594	7
37082_6_32	C03607	C03607	7
37273_6_10	C03615	C03615	7
37273_6_4	C03617	C03617	7
37082_8_14	C03641	C03641	7
37273_6_15	C03644	C03644	7
37273_6_20	C03674	C03674	7
37273_6_23	C03687	C03687	7
37273_6_31	C03688	C03688	7
37082_8_16	C03689	C03689	7
37273_6_32	C03690	C03690	7
37035_3_12	C03734 	C03734 	7
37035_3_11	C03736	C03736	7
37035_3_22	C03774	C03774	7
37082_4_1	LS01936522	LS01936522	12
18403_1	S1	S1	4
19646_4_10	S1	S1	0
18403_9	S10	S10	7
19646_4_11	S10	S10	0
18403_10	S11	S11	4
18403_11	S12	S12	7
18403_12	S13	S13	7
19646_4_12	S13	S13	0
18403_13	S16	S16	7
18403_14	S17	S17	7
18403_15	S19	S19	7
18403_2	S2	S2	7
18403_16	S20	S20	7
18403_17	S21	S21	4
18403_18	S23	S23	7
18403_3	S3	S3	7
19646_4_13	S3	S3	0
19646_4_14	S33	S33	7
19646_4_15	S33	S33	0
19646_4_16	S34	S34	7
19646_4_17	S34	S34	0
37082_4_8	S35	S35	7
37082_4_9	S36	S36	7
19646_4_18	S37_T1	S37	7
19646_4_19	S37_T2	S37	7
19646_4_20	S39	S39	7
18403_4	S4	S4	7
37082_4_10	S40	S40	7
19646_4_21	S41	S41	4
19646_4_22	S44	S44	7
19646_4_23	S45	S45	7
18403_5	S6	S6	7
18403_6	S7	S7	7
19646_4_24	S7	S7	0
18403_7	S8	S8	21
18403_8	S9	S9	4
